CVE,DESCRIP
1,Día uno
2,Día dos
3,Día tres
4,Día cuatro
5,Día cinco
6,Día seis
7,Día siete
8,Día ocho
9,Día nueve
10,Día diez
11,Día once
12,Día doce
13,Día trece 
14,Día catorce 
15,Día quince 
16,Día dieciséis 
17,Día diecisiete 
18,Día dieciocho 
19,Día diecinueve 
20,Día veinte 
21,Día veintiuno 
22,Día veintidós 
23,Día veintitrés 
24,Día veinticuatro 
25,Día veinticinco 
26,Día veintiséis 
27,Día veintisiete 
28,Día veintiocho 
29,Día veintinueve 
30,Día treinta 
31,Día treintaiuno
99,Día no especificado
